2026-05-19_16-38-35,0,draft.go:2026-05-19_16-38-35
2026-05-19_16-46-49,0,draft.go:2026-05-19_16-46-49
2026-05-19_16-49-37,0,draft.go:2026-05-19_16-49-37
2026-05-19_17-02-30,0,draft.go:2026-05-19_17-02-30
2026-05-19_17-03-10,0,draft.go:2026-05-19_17-03-10
2026-05-19_17-05-34,0,draft.go:2026-05-19_17-05-34
2026-05-19_17-05-53,0,draft.go:2026-05-19_17-05-53
2026-05-19_17-07-19,0,draft.go:2026-05-19_17-07-19
2026-05-19_17-07-58,0,draft.go:2026-05-19_17-07-58
2026-05-19_17-08-27,0,draft.go:2026-05-19_17-08-27
2026-05-19_17-17-17,0,draft.go:2026-05-19_17-17-17
2026-05-19_17-17-18,0,draft.go:2026-05-19_17-17-17
2026-05-19_17-17-50,0,draft.go:2026-05-19_17-17-17
2026-05-19_17-25-43,0,draft.go:2026-05-19_17-25-43
2026-05-19_17-27-04,0,draft.go:2026-05-19_17-27-04
2026-05-19_17-27-07,---,draft.go:2026-05-19_17-27-04
2026-05-19_17-28-10,0,draft.go:2026-05-19_17-27-04
2026-05-19_17-29-57,0,draft.go:2026-05-19_17-27-04
2026-05-19_17-32-12,0,draft.go:2026-05-19_17-32-12
2026-05-19_17-32-21,0,draft.go:2026-05-19_17-32-21
2026-05-19_17-32-57,0,draft.go:2026-05-19_17-32-57
2026-05-19_17-34-27,0,draft.go:2026-05-19_17-34-27
2026-05-19_17-36-17,0,draft.go:2026-05-19_17-36-17
2026-05-19_17-38-46,0,draft.go:2026-05-19_17-38-46
2026-05-19_17-39-17,100,draft.go:2026-05-19_17-39-17
2026-05-25_17-30-35,100,draft.go:2026-05-19_17-39-17
2026-06-01_16-45-05,100,draft.go:2026-05-19_17-39-17
