2026-06-16_16-34-51,0,draft.go:2026-06-16_16-34-51
2026-06-16_16-34-51,0,draft.go:2026-06-16_16-34-51
2026-06-16_16-45-35,0,draft.go:2026-06-16_16-45-35
2026-06-16_16-46-09,14,draft.go:2026-06-16_16-46-09
2026-06-16_16-46-53,0,draft.go:2026-06-16_16-46-53
2026-06-16_16-47-13,0,draft.go:2026-06-16_16-47-13
2026-06-16_16-47-22,---,draft.go:2026-06-16_16-47-13
2026-06-16_16-47-51,0,draft.go:2026-06-16_16-47-13
2026-06-16_16-47-58,---,draft.go:2026-06-16_16-47-13
2026-06-16_16-51-39,0,draft.go:2026-06-16_16-51-39
2026-06-24_01-08-47,0,draft.go:2026-06-16_16-51-39
2026-06-24_01-12-31,0,draft.go:2026-06-24_01-12-31
2026-06-24_01-18-31,0,draft.go:2026-06-24_01-18-31
2026-06-24_01-20-51,0,draft.go:2026-06-24_01-20-51
2026-06-24_01-23-11,0,draft.go:2026-06-24_01-23-11
2026-06-24_01-26-06,0,draft.go:2026-06-24_01-26-06
2026-06-24_01-26-34,0,draft.go:2026-06-24_01-26-34
2026-06-24_01-27-44,100,draft.go:2026-06-24_01-27-44
