2026-03-23_18-05-20,0,draft.go:2026-03-23_18-05-20
2026-03-23_18-05-26,---,draft.go:2026-03-23_18-05-20
2026-03-23_18-13-55,12,draft.go:2026-03-23_18-13-55
2026-03-23_18-14-03,12,draft.go:2026-03-23_18-14-03
2026-03-23_18-17-06,50,draft.go:2026-03-23_18-17-06
2026-03-24_13-27-09,50,draft.go:2026-03-23_18-17-06
2026-03-24_13-27-18,---,draft.go:2026-03-23_18-17-06
2026-03-24_13-28-14,50,draft.go:2026-03-23_18-17-06
2026-03-24_13-28-17,---,draft.go:2026-03-23_18-17-06
2026-03-24_13-28-54,50,draft.go:2026-03-23_18-17-06
2026-03-24_13-39-48,87,draft.go:2026-03-24_13-39-48
2026-03-24_13-40-39,100,draft.go:2026-03-24_13-40-39
