2026-03-24_13-59-21,0,draft.go:2026-03-24_13-59-21
2026-03-24_13-59-26,---,draft.go:2026-03-24_13-59-21
2026-03-24_13-59-40,---,draft.go:2026-03-24_13-59-21
2026-03-24_14-04-02,0,draft.go:2026-03-24_14-04-02
2026-03-24_14-04-06,0,draft.go:2026-03-24_14-04-02
2026-03-24_14-04-43,0,draft.go:2026-03-24_14-04-43
2026-03-24_14-05-36,0,draft.go:2026-03-24_14-05-36
2026-03-24_14-05-47,0,draft.go:2026-03-24_14-05-47
2026-03-24_14-10-16,0,draft.go:2026-03-24_14-10-16
2026-03-24_14-10-16,0,draft.go:2026-03-24_14-10-16
2026-03-24_14-11-15,0,draft.go:2026-03-24_14-11-15
2026-03-24_14-11-34,0,draft.go:2026-03-24_14-11-34
2026-03-24_14-13-04,0,draft.go:2026-03-24_14-13-04
2026-03-24_14-13-24,0,draft.go:2026-03-24_14-13-24
2026-03-24_14-13-42,0,draft.go:2026-03-24_14-13-42
2026-03-24_14-14-36,0,draft.go:2026-03-24_14-13-42
2026-03-24_14-15-04,0,draft.go:2026-03-24_14-15-04
2026-03-24_14-16-38,0,draft.go:2026-03-24_14-16-38
2026-03-24_14-16-49,0,draft.go:2026-03-24_14-16-49
2026-03-24_14-17-19,0,draft.go:2026-03-24_14-17-19
2026-03-24_14-17-34,0,draft.go:2026-03-24_14-17-34
2026-03-24_14-18-10,0,draft.go:2026-03-24_14-18-10
2026-03-24_14-18-35,0,draft.go:2026-03-24_14-18-35
2026-03-24_14-18-50,0,draft.go:2026-03-24_14-18-50
2026-03-24_14-19-15,0,draft.go:2026-03-24_14-18-50
2026-03-24_14-19-28,0,draft.go:2026-03-24_14-19-28
2026-03-24_14-28-22,0,draft.go:2026-03-24_14-28-22
2026-03-24_14-35-45,0,draft.go:2026-03-24_14-35-45
2026-03-24_14-38-39,0,draft.go:2026-03-24_14-38-39
2026-03-24_14-39-18,0,draft.go:2026-03-24_14-39-18
